Type,Name,Request Count,Failure Count,Median Response Time,Average Response Time,Min Response Time,Max Response Time,Average Content Size,Requests/s,Failures/s,50%,66%,75%,80%,90%,95%,98%,99%,99.9%,99.99%,99.999%,100%
GET,/companies,81,0,11,10.701014671796633,3.6613941192626953,16.88241958618164,68.0,0.48078021375503555,0.0,11,12,12,12,13,13,15,17,17,17,17,17
,Aggregated,81,0,11,10.701014671796633,3.6613941192626953,16.88241958618164,68.0,0.48078021375503555,0.0,11,12,12,12,13,13,15,17,17,17,17,17
